Kitne Pakistan,Kamleshwar,https://images-eu.ssl-images-amazon.com/images/I/51bW4SV3p7L._AC_SX184_.jpg,356,Paperback
Sanskriti Ke Char Adhyaya,Ramdhari Singh Dinkar,https://images-eu.ssl-images-amazon.com/images/I/51U8qJak9sL._AC_SX184_.jpg,247,Paperback
Our Trees Still Grow in Dehra,Ruskin Bond,https://images-eu.ssl-images-amazon.com/images/I/51SOwT55DUL._AC_SX184_.jpg,230,Paperback
Cuckold,Kiran Nagarkar,https://images-eu.ssl-images-amazon.com/images/I/51EHnq3TY0L._AC_SX184_.jpg,440,Paperback
Final Solutions,Dattani Mahesh,https://images-eu.ssl-images-amazon.com/images/I/416eHG5RvNL._AC_SX184_.jpg,132,Paperback
Chronicle of a Corpse Bearer,Cyrus Mistry,https://images-eu.ssl-images-amazon.com/images/I/51XzEC7lffL._AC_SX184_.jpg,214,Paperback
Kyap,Manohar Shyam Joshi,https://images-eu.ssl-images-amazon.com/images/I/51FhdUuaWWL._AC_SX184_.jpg,195,Hardcover Comic
The Golden Gate,Vikram Seth,https://images-eu.ssl-images-amazon.com/images/I/41RCRpaU-sL._AC_SX184_.jpg,291.99,Paperback
Parijat,Nasira Sharma,https://images-eu.ssl-images-amazon.com/images/I/51pSGpQu+sL._AC_SX184_.jpg,320,Hardcover
Fire on the Mountain,Anita Desai,https://images-eu.ssl-images-amazon.com/images/I/41A27o-UlrL._AC_SX184_.jpg,275.08,Paperback
Inside The Haveli,Rama Mehta,https://images-eu.ssl-images-amazon.com/images/I/41IYHoN72uL._AC_SX184_.jpg,263,Paperback
The Mammaries of the Welfare State,Upamanyu Chatterjee,https://images-eu.ssl-images-amazon.com/images/I/41EZAcWThyL._AC_SX184_.jpg,359,Paperback
Agngnaadi,Poomani,https://images-eu.ssl-images-amazon.com/images/I/51TsLq3S3kL._AC_SX184_.jpg,899.99,Paperback
Collected Poems of A.K.Ramanujan,Ramanujan A.K.,https://images-eu.ssl-images-amazon.com/images/I/41CRra4OXQL._AC_SX184_.jpg,316,Paperback
Korkai,R.N. Joe D'Cruz,https://images-eu.ssl-images-amazon.com/images/I/415TtRNyAqL._AC_SX184_.jpg,895,Paperback
Hum Jo Dekhate Hain,Mangalesh Dabral,https://images-eu.ssl-images-amazon.com/images/I/517BhVqS4kL._AC_SX184_.jpg,,Hardcover
A New World,Amit Chaudhuri,https://images-eu.ssl-images-amazon.com/images/I/41I2CJYwuXL._AC_SX184_.jpg,251,Paperback
Rajaji: A Life,Rajmohan Gandhi,https://images-eu.ssl-images-amazon.com/images/I/41HUt8NNQkL._AC_SX184_.jpg,420,Paperback
Dhai Ghar,Giriraj Kishore,https://images-eu.ssl-images-amazon.com/images/I/41wGgHgBfXL._AC_SX184_.jpg,423,Hardcover
The Perishable Empire: Essays on Indian Writing in English,Mukherjee Meenakshi,https://images-eu.ssl-images-amazon.com/images/I/51jeZ03r3+L._AC_SX184_.jpg,335,Paperback
One Arranged Murder,Chetan Bhagat,https://images-eu.ssl-images-amazon.com/images/I/51D5WCAoebL._AC_SX184_.jpg,135,Paperback
Great Stories for Children,Ruskin Bond,https://images-eu.ssl-images-amazon.com/images/I/51H2M2jWmvL._AC_SX184_.jpg,127,Paperback
"Three Thousand Stitches: Ordinary People, Extraordinary Lives",Sudha Murty,https://images-eu.ssl-images-amazon.com/images/I/51+ZgolTkaL._AC_SX184_.jpg,230,Paperback
Life is What You Make It,Preeti Shenoy,https://images-eu.ssl-images-amazon.com/images/I/41ekOc6O1ML._AC_SX184_.jpg,120,Paperback
The Immortals of Meluha (Shiva Trilogy): 1,Amish,https://images-eu.ssl-images-amazon.com/images/I/51JYiWwA5mL._AC_SX184_.jpg,222,Paperback
"Love, Hope and Magic",Ashish Bagrecha,https://images-eu.ssl-images-amazon.com/images/I/41s7JOQfEfL._AC_SX184_.jpg,194,Paperback
You are the Best Wife: A True Love Story,Ajay K Pandey,https://images-eu.ssl-images-amazon.com/images/I/41niH-BNuvL._AC_SX184_.jpg,98,Paperback
Legend of Suheldev: The King Who Saved India,Amish,https://images-eu.ssl-images-amazon.com/images/I/51UNiQJBLEL._AC_SX184_.jpg,260,Paperback
Wise and Otherwise: A salute to Life,Sudha Murty,https://images-eu.ssl-images-amazon.com/images/I/51-nd9My25L._AC_SX184_.jpg,230,Paperback
Masala Lab: The Science of Indian Cooking,Krish Ashok,https://images-eu.ssl-images-amazon.com/images/I/51hSH9AJVnL._AC_SX184_.jpg,345,Paperback
Shivesh Bhatia's Desserts for Every Mood: 100 feel-good recipes,Shivesh Bhatia,https://images-eu.ssl-images-amazon.com/images/I/51gN8PCbwIL._AC_SX184_.jpg,799,Hardcover
"Wake Up, Life is Calling",Preeti Shenoy,https://images-eu.ssl-images-amazon.com/images/I/51zrawUOuXL._AC_SX184_.jpg,109,Paperback
The White Tiger: Booker Prize Winner 2008,Aravind Adiga,https://images-eu.ssl-images-amazon.com/images/I/51q1eW5qcsL._AC_SX184_.jpg,210,Paperback
God of Small Things: Booker Prize Winner 1997- English,Arundhati Roy,https://images-eu.ssl-images-amazon.com/images/I/41jFJcgRRtL._AC_SX184_.jpg,396,Paperback
Stories We Never Tell,Savi Sharma,https://images-eu.ssl-images-amazon.com/images/I/41quwiKy+xL._AC_SX184_.jpg,158,Paperback
The Oath of the Vayuputras (Shiva Trilogy): 3,Amish Tripathi,https://images-eu.ssl-images-amazon.com/images/I/51MM9hMkvaL._AC_SX184_.jpg,342,Paperback
The Secret Of The Nagas (Shiva Trilogy-2),Amish Tripathi,https://images-eu.ssl-images-amazon.com/images/I/51V5kOB32qL._AC_SX184_.jpg,239,Paperback
The Namesake,Jhumpa Lahiri,https://images-eu.ssl-images-amazon.com/images/I/51YyC0OnJUL._AC_SX184_.jpg,203,Paperback
Everything I Never Told You,Ajay K Pandey,https://images-eu.ssl-images-amazon.com/images/I/41KxSKpUZrL._AC_SX184_.jpg,101,Paperback
The Daughter from a Wishing Tree: Unusual Tales about Women in Mythology,Sudha Murty,https://images-eu.ssl-images-amazon.com/images/I/61qcltuPB1L._AC_SX184_.jpg,225,Paperback
The Ultimate Goal: A Former R&AW Chief Deconstructs How Nations Construct Narratives,Vikram Sood,https://images-eu.ssl-images-amazon.com/images/I/41fFUfOdT1L._AC_SX184_.jpg,435,Hardcover
"Dear Stranger, I Know How You Feel+Love, Hope and Magic(Set of 2 books)",,https://images-eu.ssl-images-amazon.com/images/I/41QGXll40yL._AC_SX184_.jpg,382,Product Bundle
Grandparents' Bag of Stories,"Sudha Murty, Priya Kurian",https://images-eu.ssl-images-amazon.com/images/I/51aN7st1TnL._AC_SX184_.jpg,230,Paperback
One & A Half Love Story,Vishal Anand,https://images-eu.ssl-images-amazon.com/images/I/41Z0V9XuD4L._AC_SX184_.jpg,159,Paperback
Bharat ka Rakshak Maharaja Suheldev (Bharat Gaatha),Amish,https://images-eu.ssl-images-amazon.com/images/I/5140H5EZy4L._AC_SX184_.jpg,280,Paperback
The Diary of My Love (Order now and get author signed copy),Deesha Sangani,https://images-eu.ssl-images-amazon.com/images/I/414JFvAy4zL._AC_SX184_.jpg,109.45,Paperback
50 Toughest Questions of Life,Deepak Ramola,https://images-eu.ssl-images-amazon.com/images/I/419QITG8r2L._AC_SX184_.jpg,265,Paperback
The Promises We Made,Rohan Jain,https://images-eu.ssl-images-amazon.com/images/I/51U9RPvdenL._AC_SX184_.jpg,135,Paperback
A Poem a Day: 365 Contemporary Poems 34 Languages 279 Poets,Gulzar,https://images-eu.ssl-images-amazon.com/images/I/51dMiWHpszL._AC_SX184_.jpg,,Hardcover
The Homecoming and Other Stories,Sri M,https://images-eu.ssl-images-amazon.com/images/I/41BIoUI1+aL._AC_SX184_.jpg,227,Paperback
A Love So Special,Deepak Srivastava,https://images-eu.ssl-images-amazon.com/images/I/519wYdE3w7L._AC_SX184_.jpg,152,Paperback
Zindagi ke Panno se,Vrinda Mishra,https://images-eu.ssl-images-amazon.com/images/I/41OF+zTl8xL._AC_SX184_.jpg,140,Paperback
Inquilab: A Decade of Protest,Various,https://images-eu.ssl-images-amazon.com/images/I/5102+GgoYmL._AC_SX184_.jpg,248,Paperback
Nine Timeless Nuggets: Essential Marketing for the Young and Ambitious,Bharat Bambawale,https://images-eu.ssl-images-amazon.com/images/I/4162fA-XdIL._AC_SX184_.jpg,473,Hardcover
"Mere Bhaav, Mere Shabd / मेरे भाव, मेरे शब्द",J.P. Gupta ‘Jagat’,https://images-eu.ssl-images-amazon.com/images/I/51RkBIZ9LxL._AC_SX184_.jpg,150,Paperback
A Pleasant Escape,Piyush Rohankar,https://images-eu.ssl-images-amazon.com/images/I/51skxhZkvtL._AC_SX184_.jpg,152,Paperback
The Girl Who Saw It All,Rooprashi,https://images-eu.ssl-images-amazon.com/images/I/41dqIxjS+tL._AC_SX184_.jpg,119,Paperback
The Whispering Tree of Bengaluru,Sridhar Pai Tonse,https://images-eu.ssl-images-amazon.com/images/I/41eKf2tYGcL._AC_SX184_.jpg,199,Paperback
"FINAL INNINGS: A Voyage Deep Into Uncharted Waters, Set In The World Of Cricket",Sunil Gupta,https://images-eu.ssl-images-amazon.com/images/I/41QYKrjvuiL._AC_SX184_.jpg,399,Paperback
Homeward Bound,Bhasker Malu,https://images-eu.ssl-images-amazon.com/images/I/41poVKfvCYL._AC_SX184_.jpg,299,Paperback
"Savarkar: Echoes from a Forgotten Past, 1883–1924",Vikram Sampath,https://images-eu.ssl-images-amazon.com/images/I/41dTDvgO5VL._AC_SX184_.jpg,648,Hardcover
Midnight's Children,Salman Rushdie,https://images-eu.ssl-images-amazon.com/images/I/51eY86ATuBL._AC_SX184_.jpg,406,Paperback
Jaya: An Illustrated Retelling of the Mahabharata,Devdutt Pattanaik,https://images-eu.ssl-images-amazon.com/images/I/51Y+i7g-2ML._AC_SX184_.jpg,439,Hardcover
The Palace of Illusions,Chitra Divakaruni,https://images-eu.ssl-images-amazon.com/images/I/51y7pSLhB-L._AC_SX184_.jpg,,Paperback
"Amish's Ramachandra Series - Ram, Sita & Raavan",,https://images-eu.ssl-images-amazon.com/images/I/51JKnkxCl7L._AC_SX184_.jpg,793,Product Bundle
Everyone Has A Story,Savi Sharma,https://images-eu.ssl-images-amazon.com/images/I/51oEl54Vm9L._AC_SX184_.jpg,189,Paperback
This Is Not Your Story,Savi Sharma,https://images-eu.ssl-images-amazon.com/images/I/517YbiGNlML._AC_SX184_.jpg,202,Paperback
Shiva Trilogy - English (Set of 3 books),,https://images-eu.ssl-images-amazon.com/images/I/51HkmTELu2L._AC_SX184_.jpg,803,Product Bundle
A Suitable Boy: 20th Anniversary Edition,Vikram Seth,https://images-eu.ssl-images-amazon.com/images/I/51lTMZ6-txL._AC_SX184_.jpg,993,Paperback
Everyone Has a Story 2,Savi Sharma,https://images-eu.ssl-images-amazon.com/images/I/51Utta0SFLL._AC_SX184_.jpg,158,Paperback
Phir Meri Yaad / फिर मेरी याद,Kumar Vishwas,https://images-eu.ssl-images-amazon.com/images/I/418vaqcLIJL._AC_SX184_.jpg,189,Paperback
My Little Epiphanies (Movie Tie-in edition),Aisha Choudhary,https://images-eu.ssl-images-amazon.com/images/I/51BJ7QtjjxL._AC_SX184_.jpg,318,Hardcover
Quichotte,Salman Rushdie,https://images-eu.ssl-images-amazon.com/images/I/41b+DF4Vb1L._AC_SX184_.jpg,588.94,Hardcover
Pax Indica,Shashi Tharoor,https://images-eu.ssl-images-amazon.com/images/I/510DO7ia9AL._AC_SX184_.jpg,439,Paperback
I Too Had a Love Story,Ravinder Singh,https://images-eu.ssl-images-amazon.com/images/I/410Bm8Qf+nL._AC_SX184_.jpg,197,Paperback
Keepers of the Kalachakra,Ashwin Sanghi,https://images-eu.ssl-images-amazon.com/images/I/51Ornjd13UL._AC_SX184_.jpg,313,Paperback
Bridgital Nation: Solving Technology's People Problem,"N. Chandrasekaran, Roopa Purushothaman",https://images-eu.ssl-images-amazon.com/images/I/51Jcfh2oGFL._AC_SX184_.jpg,590,Hardcover
An Unexpected Gift,Ajay K. Pandey,https://images-eu.ssl-images-amazon.com/images/I/41Vd6NGntVL._AC_SX184_.jpg,158,Paperback
The Heartfulness Way: Heart-Based Meditations for Spiritual Transformation,"Kamlesh Patel, Joshua Pollock",https://images-eu.ssl-images-amazon.com/images/I/41LMn0kZ6RL._AC_SX184_.jpg,211,Paperback
Poonachi: Or the Story of a Black Goat,"Perumal Murugan, N Kalyan Raman",https://images-eu.ssl-images-amazon.com/images/I/51dbMpMV5zL._AC_SX184_.jpg,,Hardcover
Chanakya Neeti with Chanakya Sutra Sahit - Hindi (चाणक्य नीति - चाणक्य सूत्र सहित): Chanakya Sutra Sahit in Hindi,Ashwini Parashar,https://images-eu.ssl-images-amazon.com/images/I/51BN9U9FQFL._AC_SX184_.jpg,107,Paperback
CTET & STETs Paper 1 and Paper 2 both: Child Development and Pedagogy with Previous Year Papers 2011-19,Himanshi Singh,https://images-eu.ssl-images-amazon.com/images/I/41--CQszmoL._AC_SX184_.jpg,296,Paperback
Ram - Scion of Ikshvaku (Ram Chandra),Amish Tripathi,https://images-eu.ssl-images-amazon.com/images/I/511WBSComRL._AC_SX184_.jpg,300,Paperback
The Vault of Vishnu,Ashwin Sanghi,https://images-eu.ssl-images-amazon.com/images/I/51BtlJLvmbL._AC_SX184_.jpg,313,Paperback
Rag Darbari,Shrilal Shukla,https://images-eu.ssl-images-amazon.com/images/I/612JUxWoSyL._AC_SX184_.jpg,274,Paperback
Aatujeevitham,BENYAMIN,https://images-eu.ssl-images-amazon.com/images/I/517SdGVqkpL._AC_SX184_.jpg,149,Paperback
Asura:Tale of the Vanquished: The Story of Ravana and His People,Anand Neelakantan,https://images-eu.ssl-images-amazon.com/images/I/61zTKrAg6WL._AC_SX184_.jpg,217,Paperback
"Pregnancy Notes: Before, During & After (City Plans)",Rujuta Diwekar,https://images-eu.ssl-images-amazon.com/images/I/51OYXlfQkwL._AC_SX184_.jpg,288,Paperback
Roads to Mussoorie,Ruskin Bond,https://images-eu.ssl-images-amazon.com/images/I/51NX9Glo4yL._AC_SX184_.jpg,127,Paperback
Malgudi Days,R. K. Narayan,https://images-eu.ssl-images-amazon.com/images/I/415AOPI8wnL._AC_SX184_.jpg,159,Paperback
Dark Horse: Ek Ankahi Dastan,Nilotpal Mrinal,https://images-eu.ssl-images-amazon.com/images/I/41T6KH5RnfL._AC_SX184_.jpg,140,Paperback
Bhagavad Gita as It is,His Divine Grace a.c. Bhaktivedanta Swami Prabhupada,https://images-eu.ssl-images-amazon.com/images/I/51QmtclhbbL._AC_SX184_.jpg,150,Hardcover
Her Last Wish,Ajay K. Pandey,https://images-eu.ssl-images-amazon.com/images/I/51zjnzGjY3L._AC_SX184_.jpg,140,Paperback
A Girl to Remember,Ajay K Pandey,https://images-eu.ssl-images-amazon.com/images/I/51Q5NANjFtL._AC_SX184_.jpg,156,Paperback
Sita: Warrior of Mithila (Ram Chandra Series - Book 2),Amish Tripathi,https://images-eu.ssl-images-amazon.com/images/I/51d2SjL97IL._AC_SX184_.jpg,280,Paperback
Swami and Friends,R. K. Narayan,https://images-eu.ssl-images-amazon.com/images/I/51MenTPrSoL._AC_SX184_.jpg,144,Paperback
Jeet Aapki -You Can Win (hindi),Shiv Khera,https://images-eu.ssl-images-amazon.com/images/I/41jTy7RfTXL._AC_SX184_.jpg,219,Paperback
Bhagavad Gita - Iskcon,A. C. Bhaktivedanta Swami Prabhupada.,https://images-eu.ssl-images-amazon.com/images/I/51odiqYLOgL._AC_SX184_.jpg,248,Paperback
The Girl Next Door (Order now & get author signed copy),Arpit Vageria,https://images-eu.ssl-images-amazon.com/images/I/51wnYZiXLcL._AC_SX184_.jpg,109.45,Paperback
On the Open Road (Author Signed Limited Edition),Stuti Changle,https://images-eu.ssl-images-amazon.com/images/I/41g8VLnMGIL._AC_SX184_.jpg,109,Paperback
When Love Came Calling,Preeti Shenoy,https://images-eu.ssl-images-amazon.com/images/I/51P80vAQuGL._AC_SX184_.jpg,107,Paperback
"One Day, Life Will Change: A story of love and inspiration to win life when it hits you hard . . .",Saranya Umakanthan,https://images-eu.ssl-images-amazon.com/images/I/41yjw0XJqPL._AC_SX184_.jpg,119,Paperback
Love a Little Stronger,Preeti Shenoy,https://images-eu.ssl-images-amazon.com/images/I/51LFoFBwLwL._AC_SX184_.jpg,99,Paperback
The Kashmiri Storyteller,Ruskin Bond,https://images-eu.ssl-images-amazon.com/images/I/51td4E5VfvL._AC_SX184_.jpg,,Paperback
Half Girlfriend,Chetan Bhagat,https://images-eu.ssl-images-amazon.com/images/I/51GwJkB4eqL._AC_SX184_.jpg,106,Paperback
Revolution Twenty 20: Love. Corruption. Ambition,Chetan Bhagat,https://images-eu.ssl-images-amazon.com/images/I/51e++hZacbL._AC_SX184_.jpg,189,Paperback
Meluha Ke Mritunjay (Immortals of Meluha),Amish Tripathi,https://images-eu.ssl-images-amazon.com/images/I/51JmzE1aNEL._AC_SX184_.jpg,313,Paperback
